"optionid","secid","d","expiry","id_callput","id_strike","bid","ask","p","volume","open_interest","iv","delta","gamma","vega","theta","cfadj","hedge_err","id_atm","id_delta","days","moneyness","spot"
"32921442","103823","2009-01-02","2010-01-16","C","90.00000","10.9","11.15","11.025","1","2616","0.32858599999999999","0.53864299999999998","0.013426","35.228940000000001","-6.3804610000000004","1","","1","50","262","0.99778270509977829","90.200000000000003"
"32921442","103823","2009-01-05","2010-01-16","C","90.00000","10.300000000000001","10.75","10.525","35","2617","0.32439499999999999","0.52960300000000005","0.013788","34.986930000000001","-6.2763090000000004","1","","-1","50","261","1.0033444816053512","89.700000000000003"
"32921442","103823","2009-01-06","2010-01-16","C","90.00000","10.550000000000001","11.1","10.824999999999999","28","2637","0.32664599999999999","0.53612000000000004","1.3638000000000001E-2","35.057519999999997","-6.349615","1","","1","50","260","0.99833610648918458","90.150000000000006"
"32921442","103823","2009-01-07","2010-01-16","C","90.00000","9.5999999999999996","9.9499999999999993","9.7749999999999986","11","2618","0.33275100000000002","0.50482899999999997","1.3773000000000001E-2","34.288229999999999","-6.266254","1","","-1","50","259","1.024356931481903","87.859999999999999"
"32921442","103823","2009-01-08","2010-01-16","C","90.00000","9.3499999999999996","9.6999999999999993","9.5249999999999986","8","2609","0.33281500000000003","0.49812600000000001","0.013856","34.09599","-6.222232","1","","-1","50","258","1.02939494452705","87.430000000000007"
"32921442","103823","2009-01-09","2010-01-16","C","90.00000","8.6500000000000004","8.9000000000000004","8.7750000000000004","0","2613","0.33112599999999998","0.47774","0.014126","33.540880000000001","-6.0521520000000004","1","","-1","50","257","1.0448107731599721","86.140000000000001"
"32921442","103823","2009-01-12","2010-01-16","C","90.00000","8.1999999999999993","8.5999999999999996","8.3999999999999986","22","2613","0.34152700000000003","0.46146300000000001","0.013894","32.840589999999999","-6.0938489999999996","1","","-1","50","256","1.0614459252270314","84.790000000000006"
"32921442","103823","2009-01-13","2010-01-16","C","90.00000","7.9500000000000002","8.25","8.0999999999999996","9","2608","0.33812999999999999","0.45429799999999998","0.014085","32.60913","-6.0051290000000002","1","","-1","50","255","1.0660980810234542","84.420000000000002"
"32921442","103823","2009-01-14","2010-01-16","C","90.00000","7","7.3499999999999996","7.1749999999999998","369","2617","0.34239399999999998","0.42236000000000001","0.014088","31.284549999999999","-5.8228590000000002","1","","-1","40","254","1.0964912280701755","82.079999999999998"
"32921442","103823","2009-01-15","2010-01-16","C","90.00000","7.1500000000000004","7.5499999999999998","7.3499999999999996","16","2698","0.32891199999999998","0.43813099999999999","1.4564000000000001E-2","31.895620000000001","-5.6152189999999997","1","","-1","40","253","1.0951569724993915","82.180000000000007"
"32921442","103823","2009-01-16","2010-01-16","C","90.00000","7.25","7.6500000000000004","7.4500000000000002","43","2694","0.323932","0.44495899999999999","0.014785","32.165129999999998","-5.5867509999999996","1","","-1","40","252","1.0884024670455921","82.689999999999998"
"32921442","103823","2009-01-20","2010-01-16","C","90.00000","6.2000000000000002","6.6500000000000004","6.4250000000000007","357","2692","0.338445","0.40309800000000001","0.014499","30.129020000000001","-5.4786159999999997","1","","-1","40","251","1.1333585190782018","79.409999999999997"
"32921442","103823","2009-01-21","2010-01-16","C","90.00000","6.9000000000000004","7.25","7.0750000000000002","448","2652","0.31985799999999998","0.43557899999999999","0.015086","31.68197","-5.5345240000000002","1","","-1","40","250","1.0943579766536966","82.239999999999995"
"32921442","103823","2009-01-22","2010-01-16","C","90.00000","6.3499999999999996","6.6500000000000004","6.5","286","2775","0.31704300000000002","0.41670000000000001","0.015306","30.951450000000001","-5.3601900000000002","1","","-1","40","249","1.1089206505667817","81.159999999999997"
"32921442","103823","2009-01-23","2010-01-16","C","90.00000","6","6.4000000000000004","6.2000000000000002","36","2868","0.31601800000000002","0.40626499999999999","1.5396999999999999E-2","30.483820000000001","-5.2839749999999999","1","","-1","40","248","1.1177347242921014","80.519999999999996"
"32921442","103823","2009-01-26","2010-01-16","C","90.00000","6","6.3499999999999996","6.1749999999999998","40","2893","0.30904500000000001","0.40958800000000001","1.5734000000000001E-2","30.60913","-5.2476200000000004","1","","-1","40","247","1.1101517207351672","81.069999999999993"
"32921442","103823","2009-01-27","2010-01-16","C","90.00000","6.0499999999999998","6.2999999999999998","6.1749999999999998","66","2878","0.30396899999999999","0.41252899999999998","1.5970999999999999E-2","30.79607","-5.2003719999999998","1","","-1","40","246","1.1041589988958409","81.510000000000005"
"32921442","103823","2009-01-28","2010-01-16","C","90.00000","6.5999999999999996","6.9000000000000004","6.75","41","2930","0.29305300000000001","0.44103100000000001","1.6389999999999998E-2","31.999140000000001","-5.2474790000000002","1","","-1","40","245","1.0755386656150288","83.679000000000002"
"32921442","103823","2009-01-29","2010-01-16","C","90.00000","5.75","6.2000000000000002","5.9749999999999996","2","2494","0.29776799999999998","0.40860600000000002","1.6303999999999999E-2","30.6494","-5.1143190000000001","1","","-1","40","244","1.103888139335214","81.530000000000001"
"32921442","103823","2009-01-30","2010-01-16","C","90.00000","5.2999999999999998","5.7000000000000002","5.5","81","2492","0.30080299999999999","0.38786900000000002","0.016208","29.67794","-5.0303589999999998","1","","-1","40","243","1.1238761238761239","80.079999999999998"
"32921442","103823","2009-02-02","2010-01-16","C","90.00000","4.8499999999999996","5.1500000000000004","5","3","2501","0.294821","0.37008000000000002","0.016527","28.8794","-4.8409009999999997","1","","-1","40","242","1.1346444780635403","79.319999999999993"
"32921442","103823","2009-02-03","2010-01-16","C","90.00000","5.2000000000000002","5.5","5.3499999999999996","32","2498","0.29026299999999999","0.38812099999999999","1.6782999999999999E-2","29.73085","-4.9294700000000002","1","","-1","40","241","1.1162098474513209","80.629999999999995"
"32921442","103823","2009-02-04","2010-01-16","C","90.00000","4.7999999999999998","5","4.9000000000000004","0","2488","0.28770400000000002","0.369728","1.6903999999999999E-2","28.91377","-4.7587120000000001","1","","-1","40","240","1.1293763332915046","79.689999999999998"
"32921442","103823","2009-02-05","2010-01-16","C","90.00000","4.9500000000000002","5.3499999999999996","5.1500000000000004","30","2488","0.285715","0.38232300000000002","1.7045000000000001E-2","29.491980000000002","-4.834441","1","","-1","40","239","1.1173184357541899","80.549999999999997"
"32921442","103823","2009-02-06","2010-01-16","C","90.00000","5.9500000000000002","6.2000000000000002","6.0750000000000002","2","2518","0.28626299999999999","0.42146","1.7000000000000001E-2","30.973210000000002","-5.1161190000000003","1","","-1","40","238","1.0861694424330195","82.859999999999999"
"32921442","103823","2009-02-09","2010-01-16","C","90.00000","5.8499999999999996","6.2000000000000002","6.0250000000000004","2","2516","0.28717799999999999","0.41961599999999999","0.017016","30.783439999999999","-5.1502759999999999","1","","-1","40","237","1.0876132930513596","82.75"
"32921442","103823","2009-02-10","2010-01-16","C","90.00000","4.5499999999999998","4.9500000000000002","4.75","16","2515","0.291825","0.36183100000000001","1.6789999999999999E-2","28.267969999999998","-4.7880799999999999","1","","-1","40","236","1.1365071347392348","79.189999999999998"
"32921442","103823","2009-02-11","2010-01-16","C","90.00000","4.4500000000000002","4.8499999999999996","4.6500000000000004","7","2518","0.28427200000000002","0.36134300000000003","1.7180999999999998E-2","28.369589999999999","-4.6940439999999999","1","","-1","40","235","1.1313639220615965","79.549999999999997"
"32921442","103823","2009-02-12","2010-01-16","C","90.00000","4.2999999999999998","4.75","4.5250000000000004","12","2525","0.28149800000000003","0.35699999999999998","0.017325","28.19022","-4.6176719999999998","1","","-1","40","234","1.1320754716981132","79.5"
"32921442","103823","2009-02-13","2010-01-16","C","90.00000","4","4.4500000000000002","4.2249999999999996","5","2535","0.28264600000000001","0.34182699999999999","1.7201000000000001E-2","27.34131","-4.5259260000000001","1","","-1","30","233","1.1457670273711011","78.549999999999997"
"32921442","103823","2009-02-17","2010-01-16","C","90.00000","3.2000000000000002","3.5499999999999998","3.375","103","2535","0.28664899999999999","0.29539799999999999","0.016638","24.691500000000001","-4.1629649999999998","1","","-1","30","232","1.1881188118811881","75.75"
"32921442","103823","2009-02-18","2010-01-16","C","90.00000","3.1499999999999999","3.4500000000000002","3.2999999999999998","112","2578","0.28204699999999999","0.293908","1.6906000000000001E-2","24.626370000000001","-4.105505","1","","-1","30","231","1.1879619852164729","75.760000000000005"
"32921442","103823","2009-02-19","2010-01-16","C","90.00000","2.8999999999999999","3.2000000000000002","3.0499999999999998","22","2598","0.30876900000000002","0.264372","0.015113","22.789919999999999","-4.2684709999999999","1","","-1","30","230","1.1995201919232308","75.030000000000001"
"32921442","103823","2009-02-20","2010-01-16","C","90.00000","2.6600000000000001","2.9500000000000002","2.8050000000000002","354","2578","0.30996099999999999","0.250969","1.4958000000000001E-2","22.031610000000001","-4.0994409999999997","1","","-1","30","229","1.2206700122067","73.730000000000004"
"32921442","103823","2009-02-23","2010-01-16","C","90.00000","2.2000000000000002","2.48","2.3399999999999999","51","2354","0.31975399999999998","0.21953800000000001","1.3958999999999999E-2","19.266480000000001","-3.7733140000000001","1","","-1","20","228","1.2649332396345747","71.150000000000006"
"32921442","103823","2009-02-24","2010-01-16","C","90.00000","2.3500000000000001","2.6299999999999999","2.4900000000000002","397","2474","0.30121399999999998","0.23491799999999999","0.014997","20.726680000000002","-3.8512710000000001","1","","-1","20","227","1.2264922322158627","73.379999999999995"
"32921442","103823","2009-02-25","2010-01-16","C","90.00000","2.3100000000000001","2.4399999999999999","2.375","32","2262","","","","","","1","","-1","","226","1.2384752992981973","72.670000000000002"
"32921442","103823","2009-02-26","2010-01-16","C","90.00000","2.0699999999999998","2.2200000000000002","2.145","0","2327","0.30251299999999998","0.21209900000000001","1.4404999999999999E-2","18.99859","-3.5731030000000001","1","","-1","20","225","1.2527839643652561","71.840000000000003"
"32921442","103823","2009-02-27","2010-01-16","C","90.00000","1.78","1.96","1.8700000000000001","32","1962","0.30037199999999997","0.193602","1.3960999999999999E-2","17.866420000000002","-3.3091080000000002","1","","-1","20","224","1.2719050310910118","70.760000000000005"
"32921442","103823","2009-03-02","2010-01-16","C","90.00000","1.3899999999999999","1.54","1.4649999999999999","191","1978","0.31048100000000001","0.16090299999999999","1.2547000000000001E-2","15.14409","-2.9028010000000002","1","","-1","20","223","1.3268465280849182","67.829999999999998"
"32921442","103823","2009-03-03","2010-01-16","C","90.00000","1.1499999999999999","1.3300000000000001","1.24","10","2142","0.302369","0.14422499999999999","1.2096000000000001E-2","14.087350000000001","-2.6074799999999998","1","","-1","10","222","1.3390864454694242","67.209999999999994"
"32921442","103823","2009-03-04","2010-01-16","C","90.00000","1.1399999999999999","1.4099999999999999","1.2749999999999999","25","2139","0.28823500000000002","0.150258","0.012789","14.78224","-2.633642","1","","-1","20","221","1.3087101933982843","68.769999999999996"
"32921442","103823","2009-03-05","2010-01-16","C","90.00000","0.81999999999999995","1.1000000000000001","0.95999999999999996","187","2136","0.29398299999999999","0.121105","0.011254","12.038779999999999","-2.2178249999999999","1","","-1","10","220","1.3621916149538369","66.069999999999993"
"32921442","103823","2009-03-06","2010-01-16","C","90.00000","0.78000000000000003","1.02","0.90000000000000002","107","2220","0.28461399999999998","0.117091","0.011297","11.82846","-2.1217679999999999","1","","-1","10","219","1.3533834586466165","66.5"
"32921442","103823","2009-03-09","2010-01-16","C","90.00000","0.69999999999999996","1.02","0.85999999999999999","5","2164","0.29309499999999999","0.112068","0.010836","11.259119999999999","-2.0923240000000001","1","","-1","10","218","1.3753056234718828","65.439999999999998"
"32921442","103823","2009-03-10","2010-01-16","C","90.00000","0.97999999999999998","1.24","1.1099999999999999","7","2169","0.27500200000000002","0.13913400000000001","1.2777999999999999E-2","14.00966","-2.4373480000000001","1","","-1","10","217","1.3017066820943015","69.140000000000001"
"32921442","103823","2009-03-11","2010-01-16","C","90.00000","1.1699999999999999","1.4299999999999999","1.2999999999999998","10","2172","0.28551399999999999","0.15363499999999999","0.013108","14.99274","-2.7098559999999998","1","","-1","20","216","1.2953367875647668","69.480000000000004"
"32921442","103823","2009-03-12","2010-01-16","C","90.00000","1.6100000000000001","1.8","1.7050000000000001","164","2182","0.28601100000000002","0.18659400000000001","0.014404","17.321079999999998","-3.1940309999999998","1","","-1","20","215","1.2540058520273096","71.769999999999996"
"32921442","103823","2009-03-13","2010-01-16","C","90.00000","1.8300000000000001","2.0499999999999998","1.9399999999999999","137","2188","0.29352400000000001","0.20208499999999999","0.014643","18.25497","-3.4713750000000001","1","","-1","20","214","1.2444690265486726","72.319999999999993"
"32921442","103823","2009-03-16","2010-01-16","C","90.00000","2.0499999999999998","2.1600000000000001","2.105","15","2154","0.30414799999999997","0.210982","1.4559000000000001E-2","18.54618","-3.7000380000000002","1","","-1","20","213","1.244641128474623","72.310000000000002"
"32921442","103823","2009-03-17","2010-01-16","C","90.00000","2.1699999999999999","2.4399999999999999","2.3049999999999997","300","2167","0.29411199999999998","0.22811000000000001","0.015434","19.959330000000001","-3.8605879999999999","1","","-1","20","212","1.2149028077753781","74.079999999999998"
"32921442","103823","2009-03-18","2010-01-16","C","90.00000","2.3799999999999999","2.6699999999999999","2.5249999999999999","29","2377","0.29570099999999999","0.242364","1.5755000000000002E-2","21.114370000000001","-4.0519879999999997","1","","-1","20","211","1.2004801920768307","74.969999999999999"
"32921442","103823","2009-03-19","2010-01-16","C","90.00000","2.4399999999999999","2.7000000000000002","2.5700000000000003","526","2013","0.288746","0.25063200000000002","1.6358000000000001E-2","21.178000000000001","-3.932928","1","","-1","30","210","1.21441101065983","74.109999999999999"
"32921442","103823","2009-03-20","2010-01-16","C","90.00000","2.3500000000000001","2.5800000000000001","2.4649999999999999","501","2351","0.29845699999999997","0.24104","1.5827999999999998E-2","20.37059","-3.9093420000000001","1","","-1","20","209","1.2372834753918065","72.739999999999995"
"32921442","103823","2009-03-23","2010-01-16","C","90.00000","3.3999999999999999","3.7999999999999998","3.5999999999999996","1350","2850","0.28758400000000001","0.31486999999999998","1.7617000000000001E-2","24.655560000000001","-4.6529550000000004","1","","-1","30","208","1.1574074074074074","77.760000000000005"
"32921442","103823","2009-03-24","2010-01-16","C","90.00000","3.2000000000000002","3.4500000000000002","3.3250000000000002","52","4014","0.290269","0.29813899999999999","0.017294","23.72476","-4.5215930000000002","1","","-1","30","207","1.1734028683181226","76.700000000000003"
"32921442","103823","2009-03-25","2010-01-16","C","90.00000","3.4500000000000002","3.7000000000000002","3.5750000000000002","2","4031","0.29187800000000003","0.31186199999999997","0.017412","24.383430000000001","-4.6977859999999998","1","","-1","30","206","1.1626404857253585","77.409999999999997"
"32921442","103823","2009-03-26","2010-01-16","C","90.00000","3.8500000000000001","4.2000000000000002","4.0250000000000004","3","4030","0.28833399999999998","0.33833999999999997","1.7881999999999999E-2","25.749459999999999","-4.9205040000000002","1","","-1","30","205","1.1378002528445008","79.099999999999994"
"32921442","103823","2009-03-27","2010-01-16","C","90.00000","3.6000000000000001","3.8500000000000001","3.7250000000000001","14","4033","0.29441600000000001","0.31928800000000002","0.017412","24.633389999999999","-4.8108040000000001","1","","-1","30","204","1.156663667909009","77.810000000000002"
"32921442","103823","2009-03-30","2010-01-16","C","90.00000","2.96","3.25","3.105","264","4020","0.30298199999999997","0.28092800000000001","0.016582","22.39742","-4.5130470000000003","1","","-1","30","203","1.1960132890365449","75.25"
"32921442","103823","2009-03-31","2010-01-16","C","90.00000","3.1499999999999999","3.4500000000000002","3.2999999999999998","0","3440","0.30470900000000001","0.29174600000000001","1.6684999999999998E-2","22.952750000000002","-4.6624129999999999","1","","-1","30","202","1.1867088607594936","75.840000000000003"
"32921442","103823","2009-04-01","2010-01-16","C","90.00000","3.6000000000000001","3.7999999999999998","3.7000000000000002","90","3440","0.30000500000000002","0.31640600000000002","1.7226000000000002E-2","24.24756","-4.8904019999999999","1","","-1","30","201","1.1608409647878239","77.530000000000001"
"32921442","103823","2009-04-02","2010-01-16","C","90.00000","4.4000000000000004","4.7000000000000002","4.5500000000000007","54","3480","0.304367","0.35833500000000001","1.7371999999999999E-2","26.1248","-5.3845700000000001","1","","-1","40","200","1.1290929619872037","79.709999999999994"
"32921442","103823","2009-04-03","2010-01-16","C","90.00000","4.4500000000000002","4.7999999999999998","4.625","35","3514","0.30130000000000001","0.36387599999999998","0.017575","26.3447","-5.4109670000000003","1","","-1","40","199","1.1227544910179641","80.159999999999997"
"32921442","103823","2009-04-06","2010-01-16","C","90.00000","4.4500000000000002","4.7000000000000002","4.5750000000000002","0","3490","0.30666399999999999","0.35942000000000002","0.01736","25.990500000000001","-5.4745460000000001","1","","-1","40","198","1.1283851554663991","79.760000000000005"
"32921442","103823","2009-04-07","2010-01-16","C","90.00000","3.75","4","3.875","30","3490","0.30546899999999999","0.32477600000000001","1.7204000000000001E-2","24.456050000000001","-5.1153449999999996","1","","-1","30","197","1.15547567081782","77.890000000000001"
"32921442","103823","2009-04-08","2010-01-16","C","90.00000","3.75","4.0499999999999998","3.8999999999999999","2","3490","0.30101","0.32841799999999999","0.017474","24.646139999999999","-5.0952900000000003","1","","-1","30","196","1.1483986219216535","78.370000000000005"
"32921442","103823","2009-04-09","2010-01-16","C","90.00000","4.5","4.8499999999999996","4.6749999999999998","85","3490","0.29662500000000003","0.37042799999999998","1.7989999999999999E-2","26.46227","-5.4571160000000001","1","","-1","40","195","1.1126220793670416","80.890000000000001"
"32921442","103823","2009-04-13","2010-01-16","C","90.00000","4.3499999999999996","4.6500000000000004","4.5","12","3486","0.29724","0.36251800000000001","0.018022","25.984960000000001","-5.4322699999999999","1","","-1","40","194","1.1173184357541899","80.549999999999997"
"32921442","103823","2009-04-14","2010-01-16","C","90.00000","3.8500000000000001","4.0999999999999996","3.9749999999999996","40","3497","0.29521199999999997","0.33678200000000003","0.017981","24.8673","-5.1624739999999996","1","","-1","30","193","1.1353601614734452","79.269999999999996"
"32921442","103823","2009-04-15","2010-01-16","C","90.00000","4.2000000000000002","4.5","4.3499999999999996","3","3497","0.29640499999999997","0.35597800000000002","1.8086999999999999E-2","25.66442","-5.3731720000000003","1","","-1","40","192","1.1207970112079702","80.299999999999997"
"32921442","103823","2009-04-16","2010-01-16","C","90.00000","4.3499999999999996","4.6500000000000004","4.5","21","3500","0.28428300000000001","0.371452","1.8874999999999999E-2","26.388639999999999","-5.3076420000000004","1","","-1","40","191","1.1075559931085404","81.260000000000005"
"32921442","103823","2009-04-17","2010-01-16","C","90.00000","4.2000000000000002","4.5","4.3499999999999996","6","3513","0.27616499999999999","0.36960100000000001","1.9442999999999998E-2","26.348009999999999","-5.186598","1","","-1","40","190","1.1068749231336859","81.310000000000002"
"32921442","103823","2009-04-20","2010-01-16","C","90.00000","3.3999999999999999","3.6000000000000001","3.5","82","3519","0.28253099999999998","0.31962400000000002","0.01873","23.976009999999999","-4.8507769999999999","1","","-1","30","189","1.1462047885888946","78.519999999999996"
"32921442","103823","2009-04-21","2010-01-16","C","90.00000","3.5499999999999998","3.8500000000000001","3.7000000000000002","55","3480","0.27649499999999999","0.33484799999999998","1.9279000000000001E-2","24.659790000000001","-4.9342940000000004","1","","-1","30","188","1.1307953260459855","79.590000000000003"
"32921442","103823","2009-04-22","2010-01-16","C","90.00000","3.5","3.6499999999999999","3.5750000000000002","55","3460","0.28270899999999999","0.32447500000000001","1.8835999999999999E-2","24.11496","-4.9255250000000004","1","","-1","30","187","1.1419870574800153","78.810000000000002"
"32921442","103823","2009-04-23","2010-01-16","C","90.00000","3.5499999999999998","3.8999999999999999","3.7249999999999996","0","3462","0.27823399999999998","0.33583099999999999","1.9245999999999999E-2","24.607089999999999","-4.9766859999999999","1","","-1","30","186","1.1299435028248588","79.650000000000006"
"32921442","103823","2009-04-24","2010-01-16","C","90.00000","3.8999999999999999","4.2000000000000002","4.0499999999999998","1","3462","0.276808","0.35514499999999999","1.9522000000000001E-2","25.44877","-5.1397909999999998","1","","-1","40","185","1.1148272017837235","80.730000000000004"
"32921442","103823","2009-04-27","2010-01-16","C","90.00000","3.7999999999999998","4.0499999999999998","3.9249999999999998","11","3462","0.28050399999999998","0.34689900000000001","0.019327","24.968399999999999","-5.1437670000000004","1","","-1","30","184","1.121355594318465","80.260000000000005"
"32921442","103823","2009-04-28","2010-01-16","C","90.00000","3.75","3.9500000000000002","3.8500000000000001","31","3473","0.27988600000000002","0.343358","1.9363999999999999E-2","24.787400000000002","-5.1167439999999997","1","","-1","30","183","1.1233150274588117","80.120000000000005"
"32921442","103823","2009-04-29","2010-01-16","C","90.00000","4","4.2999999999999998","4.1500000000000004","21","3474","0.26912399999999997","0.36694700000000002","2.0251000000000002E-2","25.814720000000001","-5.1647480000000003","1","","-1","40","182","1.100648159471689","81.769999999999996"
"32921442","103823","2009-04-30","2010-01-16","C","90.00000","4","4.3499999999999996","4.1749999999999998","14","3468","0.27219500000000002","0.36662899999999998","2.0074999999999999E-2","25.726959999999998","-5.2164260000000002","1","","-1","40","181","1.1019958369046161","81.670000000000002"
"32921442","103823","2009-05-01","2010-01-16","C","90.00000","4.1500000000000004","4.3499999999999996","4.25","5","3468","0.26839800000000003","0.373556","2.0400999999999999E-2","25.989409999999999","-5.2293890000000003","1","","-1","40","180","1.0954235637779941","82.159999999999997"
"32921442","103823","2009-05-04","2010-01-16","C","90.00000","4.75","5.0499999999999998","4.9000000000000004","29","3468","0.26343499999999997","0.41240599999999999","0.020967","27.234539999999999","-5.4657559999999998","1","","-1","40","179","1.0683684589141103","84.240600000000001"
"32921442","103823","2009-05-05","2010-01-16","C","90.00000","4.6500000000000004","4.9500000000000002","4.8000000000000007","8","3473","0.261772","0.408854","0.02112","27.103870000000001","-5.4157609999999998","1","","-1","40","178","1.0693916349809887","84.159999999999997"
"32921442","103823","2009-05-06","2010-01-16","C","90.00000","4.9500000000000002","5.2000000000000002","5.0750000000000002","22","3471","0.25645200000000001","0.427481","0.021568","27.62979","-5.446269","1","","-1","40","177","1.0563132320837538","85.201999999999998"
"32921442","103823","2009-05-07","2010-01-16","C","90.00000","4.5499999999999998","4.7999999999999998","4.6749999999999998","0","3489","0.258436","0.40559699999999999","0.021446","26.951989999999999","-5.3469509999999998","1","","-1","40","176","1.0692645835808483","84.170000000000002"
"32921442","103823","2009-05-08","2010-01-16","C","90.00000","5","5.25","5.125","6","3489","0.25151800000000002","0.434838","2.2027999999999999E-2","27.778490000000001","-5.4108830000000001","1","","-1","40","175","1.0499300046663556","85.719999999999999"
"32921442","103823","2009-05-11","2010-01-16","C","90.00000","4.4000000000000004","4.5","4.4500000000000002","67","3483","0.24854799999999999","0.40261599999999997","2.2380000000000001E-2","26.758479999999999","-5.1899360000000003","1","","-1","40","174","1.0659718109676655","84.430000000000007"
"32921442","103823","2009-05-12","2010-01-16","C","90.00000","4.5","4.7000000000000002","4.5999999999999996","4","3478","0.25026300000000001","0.40987200000000001","0.022293","26.903089999999999","-5.2764499999999996","1","","-1","40","173","1.0623229461756374","84.719999999999999"
"32921442","103823","2009-05-13","2010-01-16","C","90.00000","3.8500000000000001","4","3.9249999999999998","0","3478","0.24956900000000001","0.37232399999999999","0.022227","25.649329999999999","-5.0000739999999997","1","","-1","40","172","1.0826416456153014","83.129999999999995"
"32921442","103823","2009-05-14","2010-01-16","C","90.00000","3.7000000000000002","3.8999999999999999","3.7999999999999998","3","3462","0.25287599999999999","0.36169200000000001","2.1965999999999999E-2","25.268630000000002","-5.09415","1","","-1","40","171","1.0792660990526441","83.390000000000001"
"32921442","103823","2009-05-15","2010-01-16","C","90.00000","3.6499999999999999","3.7999999999999998","3.7249999999999996","10","3462","0.25586999999999999","0.35641400000000001","2.1836000000000001E-2","24.94463","-5.0969129999999998","1","","-1","40","170","1.087219135056777","82.780000000000001"
"32921442","103823","2009-05-18","2010-01-16","C","90.00000","4.25","4.4000000000000004","4.3250000000000002","28","3462","0.24609300000000001","0.40063399999999999","2.3127000000000002E-2","26.402370000000001","-5.297803","1","","-1","40","169","1.0573308270676691","85.120000000000005"
"32921442","103823","2009-05-19","2010-01-16","C","90.00000","4","4.1500000000000004","4.0750000000000002","80","3447","0.24315200000000001","0.38880599999999998","2.3370999999999999E-2","25.96809","-5.1669409999999996","1","","-1","40","168","1.062072220911022","84.739999999999995"
"32921442","103823","2009-05-20","2010-01-16","C","90.00000","3.7000000000000002","3.8999999999999999","3.7999999999999998","342","3445","0.24160999999999999","0.37362600000000001","0.023431","25.44613","-5.0279340000000001","1","","-1","40","167","1.069010571326761","84.189999999999998"
"32921442","103823","2009-05-21","2010-01-16","C","90.00000","3.3999999999999999","3.5499999999999998","3.4749999999999996","1","3445","0.24479400000000001","0.35072300000000001","0.0229","24.581140000000001","-4.9199070000000003","1","","-1","40","166","1.0830324909747293","83.099999999999994"
"32921442","103823","2009-05-22","2010-01-16","C","90.00000","3.3500000000000001","3.5499999999999998","3.4500000000000002","3","3445","0.247361","0.34756799999999999","2.2675000000000001E-2","24.395350000000001","-4.9557260000000003","1","","-1","30","165","1.0860383733558585","82.870000000000005"
"32921442","103823","2009-05-26","2010-01-16","C","90.00000","3.8999999999999999","4.0999999999999996","4","3","3442","0.24185200000000001","0.38806400000000002","0.023757","25.579799999999999","-5.2331690000000002","1","","-1","40","164","1.060695344725987","84.849999999999994"
"32921442","103823","2009-05-27","2010-01-16","C","90.00000","3.2999999999999998","3.4500000000000002","3.375","0","3439","0.242701","0.34778700000000001","2.3276999999999999E-2","24.218679999999999","-4.9438469999999999","1","","-1","30","163","1.0822510822510822","83.159999999999997"
"32921442","103823","2009-05-28","2010-01-16","C","90.00000","3.6000000000000001","3.75","3.6749999999999998","21","3113","0.24274699999999999","0.36782199999999998","2.3571999999999999E-2","24.87809","-5.1158419999999998","1","","-1","40","162","1.0711735301118781","84.019999999999996"
"32921442","103823","2009-05-29","2010-01-16","C","90.00000","3","5.5499999999999998","4.2750000000000004","0","3134","0.24610499999999999","0.40218999999999999","0.02359","25.87265","-5.43384","1","","-1","40","161","1.0539875863684272","85.390000000000001"
"32921442","103823","2009-06-01","2010-01-16","C","90.00000","4.9000000000000004","5","4.9500000000000002","29","3134","0.24115800000000001","0.44608999999999999","0.024294","26.85229","-5.6628379999999998","1","","-1","40","160","1.0303377218088152","87.349999999999994"
"32921442","103823","2009-06-02","2010-01-16","C","90.00000","4.9500000000000002","5.0999999999999996","5.0250000000000004","32","3132","0.24219299999999999","0.44966099999999998","2.4244000000000002E-2","26.86421","-5.7065739999999998","1","","-1","40","159","1.0285714285714285","87.5"
"32921442","103823","2009-06-03","2010-01-16","C","90.00000","4.8499999999999996","5","4.9249999999999998","804","3133","0.24867300000000001","0.43877500000000003","0.023701","26.501200000000001","-5.7801999999999998","1","","-1","40","158","1.0350776308223117","86.950000000000003"
"32921442","103823","2009-06-04","2010-01-16","C","90.00000","5.0999999999999996","5.2999999999999998","5.1999999999999993","7","3330","0.24971099999999999","0.45276300000000003","2.3605000000000001E-2","26.768509999999999","-5.9021160000000004","1","","-1","50","157","1.0284538909838874","87.510000000000005"
"32921442","103823","2009-06-05","2010-01-16","C","90.00000","5.2999999999999998","5.4000000000000004","5.3499999999999996","11","3328","0.247666","0.46272000000000002","0.023764","26.886780000000002","-5.974367","1","","-1","50","156","1.0237743146399727","87.909999999999997"
"32921442","103823","2009-06-08","2010-01-16","C","90.00000","5.25","5.3499999999999996","5.2999999999999998","5","3318","0.250606","0.45898699999999998","2.3664999999999999E-2","26.637740000000001","-6.0568590000000002","1","","-1","50","155","1.0257579211306131","87.739999999999995"
"32921442","103823","2009-06-09","2010-01-16","C","90.00000","5.0999999999999996","5.25","5.1749999999999998","1","3318","0.24723300000000001","0.45611600000000002","0.024045","26.560960000000001","-5.9558350000000004","1","","-1","50","154","1.0257579211306131","87.739999999999995"
"32921442","103823","2009-06-10","2010-01-16","C","90.00000","4.9500000000000002","5.1500000000000004","5.0500000000000007","10","3317","0.24496000000000001","0.45211899999999999","2.4334000000000001E-2","26.448840000000001","-5.8928019999999997","1","","-1","50","153","1.0268111808328579","87.650000000000006"
"32921442","103823","2009-06-11","2010-01-16","C","90.00000","4.9000000000000004","5.0499999999999998","4.9749999999999996","71","2737","0.239343","0.45394299999999999","0.02495","26.456199999999999","-5.7927619999999997","1","","-1","50","152","1.024356931481903","87.859999999999999"
"32921442","103823","2009-06-12","2010-01-16","C","90.00000","5.0499999999999998","5.2000000000000002","5.125","0","2787","0.23780000000000001","0.46417399999999998","0.025141","26.564430000000002","-5.8181880000000001","1","","-1","50","151","1.0191371305627901","88.310000000000002"
"32921442","103823","2009-06-15","2010-01-16","C","90.00000","4.25","4.4000000000000004","4.3250000000000002","2","2787","0.24027599999999999","0.41798400000000002","2.5045000000000001E-2","25.442129999999999","-5.6509390000000002","1","","-1","40","150","1.0405827263267431","86.489999999999995"
"32921442","103823","2009-06-16","2010-01-16","C","90.00000","3.7999999999999998","3.9500000000000002","3.875","32","2789","0.24297099999999999","0.38826699999999997","2.4628000000000001E-2","24.537189999999999","-5.5086649999999997","1","","-1","40","149","1.0555946516537649","85.260000000000005"
"32921442","103823","2009-06-17","2010-01-16","C","90.00000","3.75","3.8999999999999999","3.8250000000000002","0","2821","0.23807200000000001","0.39074999999999999","0.025293","24.56428","-5.4342779999999999","1","","-1","40","148","1.0559662090813093","85.230000000000004"
"32921442","103823","2009-06-18","2010-01-16","C","90.00000","3.8500000000000001","4","3.9249999999999998","74","2821","0.24302099999999999","0.39266800000000002","2.4868000000000001E-2","24.55132","-5.6330479999999996","1","","-1","40","147","1.051156271899089","85.620000000000005"
"32921442","103823","2009-06-19","2010-01-16","C","90.00000","3.7000000000000002","3.8500000000000001","3.7750000000000004","20","2839","0.23821000000000001","0.38900200000000001","0.02554","24.402550000000002","-5.5076169999999998","1","","-1","40","146","1.0549759699917947","85.310000000000002"
"32921442","103823","2009-06-22","2010-01-16","C","90.00000","3.1000000000000001","3.2000000000000002","3.1500000000000004","1222","2843","0.24503","0.34196199999999999","2.4376999999999999E-2","22.68085","-5.2767920000000004","1","","-1","30","145","1.0801728276524245","83.319999999999993"
"32921442","103823","2009-06-23","2010-01-16","C","90.00000","2.8999999999999999","3.1000000000000001","3","168","3909","0.24131900000000001","0.33433499999999999","2.4646999999999999E-2","22.448080000000001","-5.1483230000000004","1","","-1","30","144","1.0819908631882664","83.180000000000007"
"32921442","103823","2009-06-24","2010-01-16","C","90.00000","2.75","2.8500000000000001","2.7999999999999998","0","4064","0.235207","0.32431300000000002","2.5093000000000001E-2","22.109220000000001","-4.9634090000000004","1","","-1","30","143","1.0839455618451161","83.030000000000001"
"32921442","103823","2009-06-25","2010-01-16","C","90.00000","3.1499999999999999","3.2999999999999998","3.2249999999999996","5","4064","0.22897899999999999","0.361794","2.6523000000000001E-2","23.32471","-5.1782620000000001","1","","-1","40","142","1.0623229461756374","84.719999999999999"
"32921442","103823","2009-06-26","2010-01-16","C","90.00000","2.9700000000000002","3.1000000000000001","3.0350000000000001","546","4062","0.228294","0.34851199999999999","2.6384999999999999E-2","22.878450000000001","-5.0675369999999997","1","","-1","30","141","1.067995728017088","84.269999999999996"
"32921442","103823","2009-06-29","2010-01-16","C","90.00000","3.1499999999999999","3.25","3.2000000000000002","164","4607","0.22184400000000001","0.36808000000000002","2.7636999999999998E-2","23.46442","-5.1413120000000001","1","","-1","40","140","1.0557184750733137","85.25"
"32921442","103823","2009-06-30","2010-01-16","C","90.00000","2.8999999999999999","3.0499999999999998","2.9749999999999996","21","4668","0.22190599999999999","0.35132200000000002","2.7390000000000001E-2","22.822939999999999","-5.023377","1","","-1","40","139","1.0630758327427356","84.659999999999997"
"32921442","103823","2009-07-01","2010-01-16","C","90.00000","3.0499999999999998","3.2000000000000002","3.125","26","4520","0.22337599999999999","0.36206199999999999","0.027493","23.032779999999999","-5.1484870000000003","1","","-1","40","138","1.0584499588380571","85.030000000000001"
"32921442","103823","2009-07-02","2010-01-16","C","90.00000","2.4300000000000002","2.54","2.4850000000000003","22","4520","0.22666700000000001","0.30848799999999998","0.02598","21.256789999999999","-4.7465599999999997","1","","-1","30","137","1.0844680081937583","82.989999999999995"
"32921442","103823","2009-07-06","2010-01-16","C","90.00000","2.4900000000000002","2.5899999999999999","2.54","11","4530","0.22781399999999999","0.314079","0.026261","21.205500000000001","-4.8732110000000004","1","","-1","30","136","1.0810810810810811","83.25"
"32921442","103823","2009-07-07","2010-01-16","C","90.00000","2.1299999999999999","2.1800000000000002","2.1550000000000002","104","4537","0.23480300000000001","0.27629300000000001","2.4493999999999998E-2","19.63241","-4.6191899999999997","1","","-1","30","135","1.1036174126302882","81.549999999999997"
"32921442","103823","2009-07-08","2010-01-16","C","90.00000","2.1499999999999999","2.2999999999999998","2.2249999999999996","0","4552","0.233822","0.283551","2.4889000000000001E-2","19.85087","-4.6833419999999997","1","","-1","30","134","1.0984987184181618","81.930000000000007"
"32921442","103823","2009-07-09","2010-01-16","C","90.00000","2.0699999999999998","2.23","2.1499999999999999","844","4552","0.232986","0.27776899999999999","2.4813999999999999E-2","19.590229999999998","-4.6190100000000003","1","","-1","30","133","1.100648159471689","81.769999999999996"
"32921442","103823","2009-07-10","2010-01-16","C","90.00000","2","2.1000000000000001","2.0499999999999998","0","5011","0.23325799999999999","0.268955","0.024544","19.188859999999998","-4.5393210000000002","1","","-1","30","132","1.1051080550098231","81.439999999999998"
"32921442","103823","2009-07-13","2010-01-16","C","90.00000","2.4399999999999999","2.5499999999999998","2.4950000000000001","167","5011","0.22961300000000001","0.31180999999999998","2.6402999999999999E-2","20.76445","-4.9719139999999999","1","","-1","30","131","1.0803024846957148","83.310000000000002"
"32921442","103823","2009-07-14","2010-01-16","C","90.00000","2.5099999999999998","2.6400000000000001","2.5750000000000002","233","5172","0.22867299999999999","0.31978200000000001","2.6780999999999999E-2","20.997039999999998","-5.0469749999999998","1","","-1","30","130","1.0757829309108295","83.659999999999997"
"32921442","103823","2009-07-15","2010-01-16","C","90.00000","3.4500000000000002","3.6000000000000001","3.5250000000000004","460","5272","0.23073299999999999","0.391704","2.7917999999999998E-2","23.11666","-5.7087820000000002","1","","-1","40","129","1.0440835266821344","86.200000000000003"
"32921442","103823","2009-07-16","2010-01-16","C","90.00000","3.8500000000000001","4","3.9249999999999998","3","5662","0.21637700000000001","0.43404399999999999","2.9614999999999999E-2","24.128789999999999","-5.4760980000000004","1","","-1","40","128","1.0317551301157859","87.230000000000004"
"32921442","103823","2009-07-17","2010-01-16","C","90.00000","4","4.1500000000000004","4.0750000000000002","118","5665","0.21677399999999999","0.44502000000000003","0.029741","24.254470000000001","-5.5462939999999996","1","","-1","40","127","1.0290418477018066","87.459999999999994"
"32921442","103823","2009-07-20","2010-01-16","C","90.00000","4.3499999999999996","4.4000000000000004","4.375","126","5727","0.21459400000000001","0.46912399999999999","3.0207000000000001E-2","24.444479999999999","-5.6363950000000003","1","","-1","50","126","1.0189063738254274","88.329999999999998"
"32921442","103823","2009-07-21","2010-01-16","C","90.00000","4.6500000000000004","4.7999999999999998","4.7249999999999996","171","5837","0.21293400000000001","0.49383500000000002","3.0363999999999999E-2","24.662289999999999","-5.6930740000000002","1","","-1","50","125","1.009308063249972","89.170000000000002"
"32921442","103823","2009-07-22","2010-01-16","C","90.00000","4.4500000000000002","4.5999999999999996","4.5250000000000004","18","6004","0.21118500000000001","0.48420400000000002","0.030775","24.50797","-5.6391410000000004","1","","-1","50","124","1.0126012601260126","88.879999999999995"
"32921442","103823","2009-07-23","2010-01-16","C","90.00000","5.4000000000000004","5.5999999999999996","5.5","92","6019","0.21468699999999999","0.538246","0.029717","24.816649999999999","-5.8800100000000004","1","","1","50","123","0.99304865938430986","90.629999999999995"
"32921442","103823","2009-07-24","2010-01-16","C","90.00000","5.5999999999999996","5.75","5.6749999999999998","42","6031","0.215028","0.54809799999999997","0.029585","24.735109999999999","-5.9149520000000004","1","","1","50","122","0.98933714411344398","90.969999999999999"
"32921442","103823","2009-07-27","2010-01-16","C","90.00000","5.7000000000000002","5.8499999999999996","5.7750000000000004","5","6045","0.21731900000000001","0.55277100000000001","2.9409000000000001E-2","24.515920000000001","-6.0211949999999996","1","","1","60","121","0.98749177090190909","91.140000000000001"
"32921442","103823","2009-07-28","2010-01-16","C","90.00000","5.7000000000000002","5.9000000000000004","5.8000000000000007","19","6047","0.22236300000000001","0.54845999999999995","2.8889000000000001E-2","24.457460000000001","-6.1653840000000004","1","","1","50","120","0.98911968348170132","90.989999999999995"
"32921442","103823","2009-07-29","2010-01-16","C","90.00000","5.6500000000000004","5.8499999999999996","5.75","3415","6049","0.22797600000000001","0.53971800000000003","0.028405","24.381260000000001","-6.3175270000000001","1","","1","50","119","0.99250110277900305","90.680000000000007"
"32921442","103823","2009-07-30","2010-01-16","C","90.00000","6","6.2000000000000002","6.0999999999999996","55","8739","0.2263","0.56057100000000004","0.028298","24.344709999999999","-6.3131979999999999","1","","1","60","118","0.98446729380879461","91.420000000000002"
"32921442","103823","2009-07-31","2010-01-16","C","90.00000","6.1500000000000004","6.2999999999999998","6.2249999999999996","41","8718","0.226467","0.56748299999999996","2.8226999999999999E-2","24.273160000000001","-6.3349019999999996","1","","1","60","117","0.98178248063706774","91.670000000000002"
"32921442","103823","2009-08-03","2010-01-16","C","90.00000","6.75","6.8499999999999996","6.7999999999999998","4","8708","0.22334699999999999","0.60167700000000002","2.8036999999999999E-2","23.83183","-6.3064369999999998","1","","1","60","116","0.96920094766314879","92.859999999999999"
"32921442","103823","2009-08-04","2010-01-16","C","90.00000","6.7999999999999998","7","6.9000000000000004","7","8706","0.21984300000000001","0.61192299999999999","2.8299999999999999E-2","23.693850000000001","-6.2167500000000002","1","","1","60","115","0.96576885931966949","93.189999999999998"
"32921442","103823","2009-08-05","2010-01-16","C","90.00000","6.5999999999999996","6.75","6.6749999999999998","29","8704","0.220247","0.60173900000000002","2.8628000000000001E-2","23.686589999999999","-6.2614729999999996","1","","1","60","114","0.96951416567919857","92.829999999999998"
"32921442","103823","2009-08-06","2010-01-16","C","90.00000","6.5499999999999998","6.75","6.6500000000000004","70","8704","0.22497800000000001","0.59503799999999996","2.8237999999999999E-2","23.667619999999999","-6.4095500000000003","1","","1","60","113","0.97160747058188501","92.629999999999995"
"32921442","103823","2009-08-07","2010-01-16","C","90.00000","7.25","7.3499999999999996","7.2999999999999998","91","8698","0.22280800000000001","0.62852300000000005","2.7629999999999998E-2","23.306349999999998","-6.3405820000000004","1","","1","60","112","0.95957011258955982","93.792000000000002"
"32921442","103823","2009-08-10","2010-01-16","C","90.00000","6.9000000000000004","7.0499999999999998","6.9749999999999996","10","8707","0.21909200000000001","0.62178500000000003","2.8614000000000001E-2","23.167909999999999","-6.2973790000000003","1","","1","60","111","0.96256684491978606","93.5"
"32921442","103823","2009-08-11","2010-01-16","C","90.00000","6.5","6.6500000000000004","6.5750000000000002","33","8703","0.22703999999999999","0.59338100000000005","2.8486999999999998E-2","23.3828","-6.5557790000000002","1","","1","60","110","0.97213220998055738","92.579999999999998"
"32921442","103823","2009-08-12","2010-01-16","C","90.00000","7.1500000000000004","7.2999999999999998","7.2249999999999996","19","8699","0.22497","0.62705","2.7883000000000002E-2","23.000350000000001","-6.4507690000000002","1","","1","60","109","0.95981571538264654","93.768000000000001"
"32921442","103823","2009-08-13","2010-01-16","C","90.00000","7.3499999999999996","7.5","7.4249999999999998","15","8708","0.222743","0.63979600000000003","2.7827000000000001E-2","22.622","-6.3742609999999997","1","","1","60","108","0.9555154474997346","94.189999999999998"
"32921442","103823","2009-08-14","2010-01-16","C","90.00000","6.75","6.9000000000000004","6.8250000000000002","76","8699","0.21887899999999999","0.61895800000000001","0.029141","22.940149999999999","-6.3299380000000003","1","","1","60","107","0.96349427256182429","93.409999999999997"
"32921442","103823","2009-08-17","2010-01-16","C","90.00000","6","6.0999999999999996","6.0499999999999998","122","8689","0.23388800000000001","0.56426200000000004","2.8854999999999999E-2","23.00168","-6.8482989999999999","1","","1","60","106","0.98241477551822376","91.611000000000004"
"32921442","103823","2009-08-18","2010-01-16","C","90.00000","6.2999999999999998","6.4000000000000004","6.3499999999999996","81","8678","0.23047300000000001","0.58453500000000003","0.028929","22.911259999999999","-6.7782710000000002","1","","1","60","105","0.97508125677139768","92.299999999999997"
"32921442","103823","2009-08-19","2010-01-16","C","90.00000","6.75","6.9000000000000004","6.8250000000000002","126","8678","0.22703400000000001","0.61351","2.8760999999999998E-2","22.537050000000001","-6.6642380000000001","1","","1","60","104","0.96639106625147653","93.129999999999995"
"32921442","103823","2009-08-20","2010-01-16","C","90.00000","7.0499999999999998","7.1500000000000004","7.0999999999999996","607","8645","0.246285","0.607379","2.8011000000000001E-2","22.06148","-7.6994429999999996","1","","1","60","103","0.95959057468813302","93.790000000000006"
"32921442","103823","2009-08-21","2010-01-16","C","90.00000","8.0999999999999996","8.25","8.1750000000000007","408","8928","0.250608","0.65114799999999995","2.6627999999999999E-2","21.844999999999999","-7.7988689999999998","1","","1","70","102","0.94706934652215091","95.030000000000001"
"32921442","103823","2009-08-24","2010-01-16","C","90.00000","8.1500000000000004","8.25","8.1999999999999993","11","9232","0.25195699999999999","0.65284399999999998","2.6603000000000002E-2","21.766179999999999","-7.8809269999999998","1","","1","70","101","0.94607379375591305","95.129999999999995"
"32921442","103823","2009-08-25","2010-01-16","C","90.00000","8.3499999999999996","8.5500000000000007","8.4499999999999993","55","9228","0.25378400000000001","0.66179699999999997","2.6273999999999999E-2","21.252700000000001","-7.9545240000000002","1","","1","70","100","0.94260578131545869","95.480000000000004"
"32921442","103823","2009-08-26","2010-01-16","C","90.00000","8.4000000000000004","8.5","8.4499999999999993","18","9191","0.255359","0.66139099999999995","0.02631","21.28877","-8.0509020000000007","1","","1","70","99","0.94280326838466377","95.459999999999994"
"32921442","103823","2009-08-27","2010-01-16","C","90.00000","8.6500000000000004","8.75","8.6999999999999993","139","9187","0.25689899999999999","0.67037899999999995","0.025991","20.99418","-8.0965059999999998","1","","1","70","98","0.93926111458985606","95.819999999999993"
"32921442","103823","2009-08-28","2010-01-16","C","90.00000","8.4499999999999993","8.5999999999999996","8.5249999999999986","15","9087","0.25741700000000001","0.66352199999999995","0.026105","20.816500000000001","-8.1127339999999997","1","","1","70","97","0.94161958568738235","95.579999999999998"
"32921442","103823","2009-08-31","2010-01-16","C","90.00000","8.0999999999999996","8.25","8.1750000000000007","21","9076","0.26086300000000001","0.64792099999999997","0.026348","21.208030000000001","-8.3034359999999996","1","","1","60","96","0.94687006838506049","95.049999999999997"
"32921442","103823","2009-09-01","2010-01-16","C","90.00000","7.0499999999999998","7.2000000000000002","7.125","110","9077","0.26658599999999999","0.59714599999999995","2.6946000000000001E-2","21.405000000000001","-8.5114470000000004","1","","1","60","95","0.96556163501770198","93.209999999999994"
"32921442","103823","2009-09-02","2010-01-16","C","90.00000","6.8499999999999996","6.9500000000000002","6.9000000000000004","0","9021","0.26819599999999999","0.58653100000000002","2.7217999999999999E-2","21.489940000000001","-8.6188540000000007","1","","1","60","94","0.96951416567919857","92.829999999999998"
"32921442","103823","2009-09-03","2010-01-16","C","90.00000","7.0499999999999998","7.2000000000000002","7.125","10","9021","0.26235999999999998","0.60435000000000005","2.7546999999999999E-2","21.272069999999999","-8.4673529999999992","1","","1","60","93","0.96308186195826639","93.450000000000003"
"32921442","103823","2009-09-04","2010-01-16","C","90.00000","7.5499999999999998","7.7000000000000002","7.625","0","9011","0.25747799999999998","0.63351400000000002","2.7519999999999999E-2","20.846820000000001","-8.3380980000000005","1","","1","60","92","0.95288512440444673","94.450000000000003"
"32921442","103823","2009-09-08","2010-01-16","C","90.00000","7.8499999999999996","8","7.9249999999999998","0","9011","0.25734200000000002","0.65119499999999997","2.7466999999999998E-2","20.365680000000001","-8.4165899999999993","1","","1","70","91","0.94677046076162419","95.060000000000002"
"32921442","103823","2009-09-09","2010-01-16","C","90.00000","8","8.1500000000000004","8.0749999999999993","12","9011","0.25082599999999999","0.66654400000000003","2.7803999999999999E-2","19.950099999999999","-8.1735530000000001","1","","1","70","90","0.94211242541609963","95.530000000000001"
"32921442","103823","2009-09-10","2010-01-16","C","90.00000","8.5","8.5999999999999996","8.5500000000000007","41","9014","0.24771000000000001","0.69170200000000004","0.027614","19.422879999999999","-8.0652460000000001","1","","1","70","89","0.93420110235730081","96.338999999999999"
"32921442","103823","2009-09-11","2010-01-16","C","90.00000","8.4499999999999993","8.5","8.4749999999999996","28","9045","0.249472","0.68698000000000004","2.7529999999999999E-2","19.403410000000001","-8.1321110000000001","1","","1","70","88","0.9353564747453752","96.219999999999999"
"32921442","103823","2009-09-14","2010-01-16","C","90.00000","8.4000000000000004","8.5999999999999996","8.5","12","9028","0.25039","0.69030999999999998","2.7481999999999999E-2","19.20872","-8.2009460000000001","1","","1","70","87","0.93438538205980071","96.319999999999993"
"32921442","103823","2009-09-15","2010-01-16","C","90.00000","8.8499999999999996","9","8.9250000000000007","27","9029","0.252363","0.70530800000000005","2.6727999999999998E-2","18.927720000000001","-8.2109819999999996","1","","1","70","86","0.92879256965944268","96.900000000000006"
"32921442","103823","2009-09-16","2010-01-16","C","90.00000","9.5999999999999996","9.75","9.6750000000000007","53","9043","0.24762200000000001","0.74012699999999998","2.5926999999999999E-2","17.970859999999998","-7.8793790000000001","1","","1","70","85","0.91761827079934744","98.079999999999998"
"32921442","103823","2009-09-17","2010-01-16","C","90.00000","9.6500000000000004","9.75","9.6999999999999993","54","9013","0.234461","0.75239299999999998","2.5284999999999998E-2","17.49915","-6.922034","1","","1","80","84","0.91780542524984698","98.060000000000002"
"32921442","103823","2009-09-18","2010-01-16","C","90.00000","9.9000000000000004","10.050000000000001","9.9750000000000014","9","9012","0.241429","0.75439100000000003","2.4563000000000001E-2","17.34206","-7.138172","1","","1","80","83","0.91733768219345635","98.109999999999999"
"32921442","103823","2009-09-21","2010-01-16","C","90.00000","9.5","9.6999999999999993","9.5999999999999996","35","9004","0.23946000000000001","0.74826400000000004","2.5433000000000001E-2","17.225020000000001","-7.2008400000000004","1","","1","70","82","0.92081031307550654","97.739999999999995"
"32921442","103823","2009-09-22","2010-01-16","C","90.00000","9.8000000000000007","10","9.9000000000000004","0","9005","0.237291","0.76275300000000001","0.025019","16.79074","-7.0270869999999999","1","","1","80","81","0.91640362488544957","98.209999999999994"
"32921442","103823","2009-09-23","2010-01-16","C","90.00000","9.25","9.4499999999999993","9.3499999999999996","44","9005","0.234455","0.74949100000000002","2.6297999999999998E-2","17.15361","-7.0968260000000001","1","","1","70","80","0.9223201475712236","97.579999999999998"
"32921442","103823","2009-09-24","2010-01-16","C","90.00000","9.0500000000000007","9.1999999999999993","9.125","15","9016","0.24770700000000001","0.72499999999999998","0.026088","17.66189","-7.7350099999999999","1","","1","70","79","0.92793071450665021","96.989999999999995"
"32921442","103823","2009-09-25","2010-01-16","C","90.00000","8.6500000000000004","8.8000000000000007","8.7250000000000014","4","9019","0.236544","0.72662499999999997","2.7505999999999999E-2","17.655799999999999","-7.4117649999999999","1","","1","70","78","0.9303287161463718","96.739999999999995"
"32921442","103823","2009-09-28","2010-01-16","C","90.00000","9.3499999999999996","9.5999999999999996","9.4749999999999996","1","9017","0.23607900000000001","0.75833899999999999","2.6131000000000001E-2","16.360869999999998","-7.1839209999999998","1","","1","80","77","0.91986917416189695","97.840000000000003"
"32921442","103823","2009-09-29","2010-01-16","C","90.00000","9.0999999999999996","9.3000000000000007","9.1999999999999993","10","9016","0.23879300000000001","0.74679300000000004","2.6655999999999999E-2","16.782350000000001","-7.4214460000000004","1","","1","70","76","0.92364532019704437","97.439999999999998"
"32921442","103823","2009-09-30","2010-01-16","C","90.00000","8.8499999999999996","9.0500000000000007","8.9499999999999993","17","9006","0.24091099999999999","0.73599700000000001","2.7067000000000001E-2","16.920580000000001","-7.6047269999999996","1","","1","70","75","0.9269749716757647","97.090000000000003"
"32921442","103823","2009-10-01","2010-01-16","C","90.00000","7.5","7.6500000000000004","7.5750000000000002","64","9003","0.243449","0.67891199999999996","0.029592","18.036570000000001","-8.1139969999999995","1","","1","70","74","0.94617325483599657","95.120000000000005"
"32921442","103823","2009-10-02","2010-01-16","C","90.00000","7.2999999999999998","7.5","7.4000000000000004","0","8973","0.244778","0.67090399999999994","0.029911","18.126799999999999","-8.2410060000000005","1","","1","70","73","0.94876660341555974","94.859999999999999"
"32921442","103823","2009-10-05","2010-01-16","C","90.00000","7.9500000000000002","8.1500000000000004","8.0500000000000007","2","8973","0.24194399999999999","0.70702399999999999","2.9066999999999999E-2","17.186160000000001","-8.0248270000000002","1","","1","70","72","0.93779306033135357","95.969999999999999"
"32921442","103823","2009-10-06","2010-01-16","C","90.00000","8.75","9.0500000000000007","8.9000000000000004","21","8973","0.23633699999999999","0.749054","2.7560999999999999E-2","16.111910000000002","-7.48935","1","","1","70","71","0.92506938020351526","97.290000000000006"
"32921442","103823","2009-10-07","2010-01-16","C","90.00000","8.75","8.9499999999999993","8.8499999999999996","0","8952","0.23497100000000001","0.750247","0.027718","15.6851","-7.4485650000000003","1","","1","80","70","0.92516447368421051","97.280000000000001"
"32921442","103823","2009-10-08","2010-01-16","C","90.00000","9.1999999999999993","9.3499999999999996","9.2749999999999986","35","8952","0.232401","0.77081299999999997","0.026882","15.066509999999999","-7.1729900000000004","1","","1","80","69","0.91921152078439383","97.909999999999997"
"32921442","103823","2009-10-09","2010-01-16","C","90.00000","9.75","9.8499999999999996","9.8000000000000007","27","8948","0.22774900000000001","0.79673499999999997","0.025942","13.931889999999999","-6.7816039999999997","1","","1","80","68","0.91194649913871717","98.689999999999998"
"32921442","103823","2009-10-12","2010-01-16","C","90.00000","9.9000000000000004","10.050000000000001","9.9750000000000014","6","8922","0.22989000000000001","0.80362199999999995","0.025339","13.67182","-6.7837189999999996","1","","","","","",""
"32921442","103823","2009-10-13","2010-01-16","C","90.00000","9.8499999999999996","10","9.9250000000000007","20","8917","0.23409099999999999","0.79808800000000002","0.025401","13.78795","-7.0160679999999997","1","","1","80","66","0.91065465951634117","98.829999999999998"
"32921442","103823","2009-10-14","2010-01-16","C","90.00000","11","11.199999999999999","11.1","27","8917","0.23829800000000001","0.82854000000000005","2.2689999999999998E-2","12.36781","-6.6936090000000004","1","","1","80","65","0.89793475007482781","100.23"
"32921442","103823","2009-10-15","2010-01-16","C","90.00000","11.199999999999999","11.4","11.300000000000001","19","8915","0.23355200000000001","0.84113400000000005","2.2200999999999999E-2","11.846270000000001","-6.3579790000000003","1","","1","80","64","0.894187779433681","100.65000000000001"
"32921442","103823","2009-10-16","2010-01-16","C","90.00000","10.65","10.85","10.75","35","8915","0.21018200000000001","0.85638599999999998","0.02256","11.283440000000001","-5.2146759999999999","1","","1","90","63","0.90009000900090008","99.989999999999995"
"32921442","103823","2009-10-19","2010-01-16","C","90.00000","11.5","11.65","11.574999999999999","16","8907","0.220722","0.86755899999999997","2.0511999999999999E-2","10.451040000000001","-5.3207469999999999","1","","1","90","62","0.89232599643069599","100.86"
"32921442","103823","2009-10-20","2010-01-16","C","90.00000","11","11.15","11.074999999999999","21","8899","0.21354400000000001","0.86636400000000002","0.021613","10.34562","-5.2019770000000003","1","","1","90","61","0.89650363582030079","100.39"
"32921442","103823","2009-10-21","2010-01-16","C","90.00000","10.25","10.449999999999999","10.35","21","8888","0.223717","0.83495399999999997","0.023816","11.83553","-6.1159730000000003","1","","1","80","60","0.90520492833794319","99.424999999999997"
"32921442","103823","2009-10-22","2010-01-16","C","90.00000","11.35","11.5","11.425000000000001","0","8887","0.220914","0.86847700000000005","0.020843","10.28637","-5.3937229999999996","1","","1","90","59","0.89338892197736752","100.73999999999999"
"32921442","103823","2009-10-23","2010-01-16","C","90.00000","10.5","10.65","10.574999999999999","0","8887","0.216198","0.85484400000000005","0.023042","10.860469999999999","-5.5949119999999999","1","","1","90","58","0.90153260542922975","99.829999999999998"
"32921442","103823","2009-10-26","2010-01-16","C","90.00000","9.5999999999999996","9.75","9.6750000000000007","0","8887","0.21712000000000001","0.832866","2.5708000000000002E-2","11.62706","-6.1395860000000004","1","","1","80","57","0.91083898390851126","98.810000000000002"
"32921442","103823","2009-10-27","2010-01-16","C","90.00000","9.6999999999999993","9.9000000000000004","9.8000000000000007","30","8887","0.22858300000000001","0.82287900000000003","0.025356","11.894579999999999","-6.6796150000000001","1","","1","80","56","0.91074681238615673","98.819999999999993"
"32921442","103823","2009-10-28","2010-01-16","C","90.00000","9","9.0999999999999996","9.0500000000000007","6","8867","0.24324000000000001","0.78084200000000004","2.7258999999999999E-2","13.325839999999999","-7.8900110000000003","1","","1","80","55","0.92137592137592128","97.680000000000007"
"32921442","103823","2009-10-29","2010-01-16","C","90.00000","10.35","10.5","10.425000000000001","3408","8867","0.23413","0.83750999999999998","2.3578999999999999E-2","11.29551","-6.616168","1","","1","80","54","0.90415913200723319","99.540000000000006"
"32921442","103823","2009-10-30","2010-01-16","C","90.00000","8.6500000000000004","8.8000000000000007","8.7250000000000014","7","6839","0.25772400000000001","0.75475000000000003","2.7720999999999999E-2","13.96008","-8.8617050000000006","1","","1","80","53","0.92726148773954253","97.060000000000002"
"32921442","103823","2009-11-02","2010-01-16","C","90.00000","9.1500000000000004","9.3000000000000007","9.2250000000000014","0","6840","0.255079","0.78181299999999998","0.026657","12.93258","-8.5008850000000002","1","","1","80","52","0.91977516607051613","97.849999999999994"
"32921442","103823","2009-11-03","2010-01-16","C","90.00000","8.9000000000000004","9.0500000000000007","8.9750000000000014","0","6840","0.24019599999999999","0.79401900000000003","2.7647999999999999E-2","12.41633","-7.8305410000000002","1","","1","80","51","0.92024539877300615","97.799999999999997"
"32921442","103823","2009-11-04","2010-01-16","C","90.00000","9.0999999999999996","9.3000000000000007","9.1999999999999993","0","6840","0.23585","0.809589","2.7039000000000001E-2","11.734590000000001","-7.4483629999999996","1","","1","80","50","0.91677701945604562","98.170000000000002"
"32921442","103823","2009-11-05","2010-01-16","C","90.00000","10.800000000000001","10.949999999999999","10.875","10","6840","0.238873","0.85706899999999997","2.2204999999999999E-2","9.8958849999999998","-6.5670080000000004","1","","1","90","49","0.89856140319348721","100.1601"
"32921442","103823","2009-11-06","2010-01-16","C","90.00000","10.85","11","10.925000000000001","10","6840","0.22675500000000001","0.87502400000000002","2.1715000000000002E-2","8.8940649999999994","-5.8387229999999999","1","","1","90","48","0.89668227558035263","100.37"
"32921442","103823","2009-11-09","2010-01-16","C","90.00000","12.6","12.800000000000001","12.699999999999999","12","6830","0.22314300000000001","0.92198800000000003","1.6584000000000002E-2","6.3036560000000001","-4.5592090000000001","1","","1","90","47","0.87873462214411246","102.42"
"32921442","103823","2009-11-10","2010-01-16","C","90.00000","12.800000000000001","13","12.9","12","6820","0.21646799999999999","0.93429099999999998","1.5633000000000001E-2","5.4722559999999998","-4.0948089999999997","1","","1","90","46","0.87642418930762489","102.69"
"32921442","103823","2009-11-11","2010-01-16","C","90.00000","13.25","13.449999999999999","13.35","50","6820","0.22563800000000001","0.93345100000000003","1.5010000000000001E-2","5.413157","-4.280411","1","","1","90","45","0.87268496072917678","103.13"
"32921442","103823","2009-11-12","2010-01-16","C","90.00000","12.449999999999999","12.6","12.524999999999999","61","6755","0.23771999999999999","0.90793599999999997","1.7250999999999999E-2","7.083126","-5.2979830000000003","1","","1","90","44","0.88088479984339829","102.17"
"32921442","103823","2009-11-13","2010-01-16","C","90.00000","13.050000000000001","13.199999999999999","13.125","4","6711","0.226683","0.93163700000000005","0.015341","5.367667","-4.3897700000000004","1","","1","90","43","0.87455057817510451","102.91"
"32921442","103823","2009-11-16","2010-01-16","C","90.00000","14.35","14.5","14.425000000000001","54","6708","0.23998","0.94269899999999995","1.2980999999999999E-2","4.8024329999999997","-4.2816340000000004","1","","1","90","42","0.86322654901208518","104.26000000000001"
"32921442","103823","2009-11-17","2010-01-16","C","90.00000","14.6","14.75","14.675000000000001","6","6664","0.22758200000000001","0.95647599999999999","1.1723000000000001E-2","3.7913290000000002","-3.5420090000000002","1","","1","100","41","0.86050291614877139","104.59"
"32921442","103823","2009-11-18","2010-01-16","C","90.00000","14.5","14.65","14.574999999999999","4","6658","0.15274599999999999","0.99594400000000005","2.1919999999999999E-3","0.52698100000000003","-0.50925699999999996","1","","1","100","40","0.86083213773314204","104.55"
"32921442","103823","2009-11-19","2010-01-16","C","90.00000","13.65","13.75","13.699999999999999","25","6654","0.25985599999999998","0.95896000000000003","2.5642999999999999E-2","4.5895149999999996","-9.5180150000000001","1","","1","100","39","0.86830680173661356","103.65000000000001"
"32921442","103823","2009-11-20","2010-01-16","C","90.00000","13.5","13.65","13.574999999999999","42","691","0.259853","0.92869999999999997","0.014331","5.7920819999999997","-5.3658330000000003","1","","1","90","38","0.87167070217917675","103.25"
"32921442","103823","2009-11-23","2010-01-16","C","90.00000","14.6","14.75","14.675000000000001","0","731","0.260295","0.94941299999999995","1.1320999999999999E-2","3.522726","-4.3968550000000004","1","","1","90","37","0.86157380815623208","104.45999999999999"
"32921442","103823","2009-11-24","2010-01-16","C","90.00000","14.4","14.550000000000001","14.475000000000001","0","731","0.232403","0.96849300000000005","0.008966","2.7169780000000001","-2.8542239999999999","1","","1","100","36","0.86239938673821392","104.36"
"32921442","103823","2009-11-25","2010-01-16","C","90.00000","14.75","14.9","14.824999999999999","0","731","0.263955","0.95272199999999996","0.010904","3.5685769999999999","-4.3703529999999997","1","","1","100","35","0.86017394628691579","104.63"
"32921442","103823","2009-11-27","2010-01-16","C","90.00000","13.15","13.6","13.375","0","731","0.25017299999999998","0.94896499999999995","1.2692999999999999E-2","3.8076430000000001","-4.4590680000000003","1","","1","90","34","0.87226206629191694","103.18000000000001"
"32921442","103823","2009-11-30","2010-01-16","C","90.00000","13.800000000000001","13.9","13.850000000000001","44","731","0.28485899999999997","0.93599200000000005","0.013705","4.4888009999999996","-6.187011","1","","1","90","33","0.86889360880478861","103.58"
"32921442","103823","2009-12-01","2010-01-16","C","90.00000","14.85","15","14.925000000000001","3","775","0.28603899999999999","0.95163699999999996","1.1124999999999999E-2","3.5042339999999998","-5.2084210000000004","1","","1","100","32","0.85935262102549415","104.73"
"32921442","103823","2009-12-02","2010-01-16","C","90.00000","14.65","14.75","14.699999999999999","0","774","0.26372499999999999","0.96594500000000005","9.4560000000000009E-3","2.9265159999999999","-3.8162120000000002","1","","1","100","31","0.86058519793459554","104.58"
"32921442","103823","2009-12-03","2010-01-16","C","90.00000","13.75","13.9","13.824999999999999","5","774","0.26167000000000001","0.960364","0.011061","3.0376349999999999","-4.2869339999999996","1","","1","100","30","0.86797183913588583","103.69"
"32921442","103823","2009-12-04","2010-01-16","C","90.00000","14.050000000000001","14.15","14.100000000000001","15","774","0.26162400000000002","0.96598399999999995","1.0070000000000001E-2","2.253193","-3.9437760000000002","1","","1","100","29","0.86547615613189854","103.989"
"32921442","103823","2009-12-07","2010-01-16","C","90.00000","14.050000000000001","14.15","14.100000000000001","27","776","0.24447199999999999","0.982047","7.0330000000000002E-3","1.698707","-2.4967969999999999","1","","1","100","28","0.86496876501681885","104.05"
"32921442","103823","2009-12-08","2010-01-16","C","90.00000","13.1","13.199999999999999","13.149999999999999","3","774","0.29664400000000002","0.94053900000000001","1.4718999999999999E-2","3.8670719999999998","-7.0735070000000002","1","","1","90","27","0.87429570623664277","102.94"
"32921442","103823","2009-12-09","2010-01-16","C","90.00000","13.550000000000001","13.65","13.600000000000001","10","776","0.290047","0.95443999999999996","1.2482999999999999E-2","2.8585940000000001","-5.8232220000000003","1","","1","100","26","0.86998550024166266","103.45"
"32921442","103823","2009-12-10","2010-01-16","C","90.00000","14.15","14.35","14.25","2","786","0.27428000000000002","0.97476700000000005","8.7980000000000003E-3","1.798554","-3.800395","1","","1","100","25","0.86388942215396425","104.18000000000001"
"32921442","103823","2009-12-11","2010-01-16","C","90.00000","14.85","15","14.925000000000001","54","786","","","","","","1","","1","","24","0.85779641631719405","104.92"
"32921442","103823","2009-12-14","2010-01-16","C","90.00000","15.15","15.300000000000001","15.225000000000001","10","784","0.28135399999999999","0.98898600000000003","5.2339999999999999E-3","0.70355900000000005","-2.5022700000000002","1","","1","100","23","0.85551330798479086","105.2"
"32921442","103823","2009-12-15","2010-01-16","C","90.00000","14.65","14.75","14.699999999999999","0","774","","","","","","1","","1","","22","0.85927057475654001","104.73999999999999"
"32921442","103823","2009-12-16","2010-01-16","C","90.00000","14.6","14.75","14.675000000000001","35","774","","","","","","1","","1","","21","0.85984522785898532","104.67"
"32921442","103823","2009-12-17","2010-01-16","C","90.00000","13.25","13.449999999999999","13.35","15","767","","","","","","1","","1","","20","0.87057457922228676","103.38"
"32921442","103823","2009-12-18","2010-01-16","C","90.00000","13.199999999999999","13.35","13.274999999999999","57","357","0.28043000000000001","0.96374899999999997","9.9340000000000001E-3","2.2718950000000002","-4.3561540000000001","1","","1","100","19","0.87260034904013961","103.14"
"32921442","103823","2009-12-21","2010-01-16","C","90.00000","14","14.15","14.074999999999999","35","391","0.33526699999999998","0.95355500000000004","1.0671999999999999E-2","2.643904","-6.6692689999999999","1","","1","100","18","0.86638428956488256","103.88"
"32921442","103823","2009-12-22","2010-01-16","C","90.00000","14.5","14.6","14.550000000000001","10","409","0.30734299999999998","0.97326400000000002","7.5170000000000002E-3","1.6586689999999999","-4.0748730000000002","1","","1","100","17","0.86165629487793205","104.45"
"32921442","103823","2009-12-23","2010-01-16","C","90.00000","14.550000000000001","14.699999999999999","14.625","1","401","0.35212100000000002","0.958229","9.6729999999999993E-3","2.3433199999999998","-6.7393900000000002","1","","1","100","16","0.86165629487793205","104.45"
"32921442","103823","2009-12-24","2010-01-16","C","90.00000","14.949999999999999","15.300000000000001","15.125","16","401","0.34573300000000001","0.96859099999999998","7.9360000000000003E-3","1.8237289999999999","-5.4281009999999998","1","","1","100","15","0.8571428571428571","105"
"32921442","103823","2009-12-28","2010-01-16","C","90.00000","15.25","15.4","15.324999999999999","6","395","0.30838599999999999","0.99004300000000001","3.6870000000000002E-3","0.62296300000000004","-2.1461610000000002","1","","1","100","14","0.85478203058220148","105.29000000000001"
"32921442","103823","2009-12-29","2010-01-16","C","90.00000","15.35","15.5","15.425000000000001","4","390","0.40680300000000003","0.96657099999999996","8.0549999999999997E-3","1.6910339999999999","-7.5850499999999998","1","","1","100","13","0.85478203058220148","105.29000000000001"
"32921442","103823","2009-12-30","2010-01-16","C","90.00000","15.25","15.4","15.324999999999999","10","388","0.39857700000000001","0.97229500000000002","7.2589999999999998E-3","1.4058649999999999","-6.5813360000000003","1","","1","100","12","0.85535069378445161","105.22"
"32921442","103823","2009-12-31","2010-01-16","C","90.00000","14.199999999999999","14.35","14.274999999999999","70","388","0.44460899999999998","0.95130800000000004","0.01077","2.1288420000000001","-11.72134","1","","1","100","11","0.8648025367541079","104.06999999999999"
"32921442","103823","2010-01-04","2010-01-16","C","90.00000","15.6","15.75","15.675000000000001","20","429","","","","","","1","","1","","10","0.85178875638841567","105.66"
"32921442","103823","2010-01-05","2010-01-16","C","90.00000","15.449999999999999","15.65","15.550000000000001","0","413","0.46648899999999999","0.98198399999999997","5.4440000000000001E-3","0.77484399999999998","-6.7829499999999996","1","","1","100","9","0.85316143710304293","105.48999999999999"
"32921442","103823","2010-01-06","2010-01-16","C","90.00000","15.550000000000001","15.699999999999999","15.625","8","413","0.500807","0.98069200000000001","0.005666","0.77922999999999998","-8.1067979999999995","1","","1","100","8","0.85259568018188703","105.56"
"32921442","103823","2010-01-07","2010-01-16","C","90.00000","15.85","16.100000000000001","15.975000000000001","16","405","","","","","","1","","1","","7","0.84953747404191049","105.94"
"32921442","103823","2010-01-08","2010-01-16","C","90.00000","15.949999999999999","16.100000000000001","16.024999999999999","8","405","","","","","","1","","1","","6","0.8481764206955047","106.11"
"32921442","103823","2010-01-11","2010-01-16","C","90.00000","16.399999999999999","16.649999999999999","16.524999999999999","28","400","","","","","","1","","1","","5","0.84475314435892612","106.54000000000001"
"32921442","103823","2010-01-12","2010-01-16","C","90.00000","15.9","16.25","16.074999999999999","7","375","","","","","","1","","1","","4","0.84793668739400796","106.14"
"32921442","103823","2010-01-13","2010-01-16","C","90.00000","16.649999999999999","16.949999999999999","16.799999999999997","5","375","","","","","","1","","1","","3","0.84309133489461363","106.75"
"32921442","103823","2010-01-14","2010-01-16","C","90.00000","17","17.050000000000001","17.024999999999999","21","349","","","","","","1","","1","","2","0.84088573297206393","107.03"
"32921442","103823","2010-01-15","2010-01-16","C","90.00000","15.65","16.199999999999999","15.925000000000001","51","348","","","","","","1","","1","","1","0.84897651164984433","106.01000000000001"
